title,link,source,published,summary,combined_text,compound,positive,neutral,negative,sentiment_label
OpenAI 딜이 어떻게 월마트를 시가총액 1조 달러 기업으로 만들 수 있는지,http://www.bing.com/news/apiclick.aspx?ref=FexRss&aid=&tid=68f37aab107b45f3aa53ba7fcb1caf7f&url=https%3a%2f%2fkr.investing.com%2fnews%2fstock-market-news%2farticle-1675002&c=2511421429485011218&mkt=ko-kr,"""OpenAI"" - Bing뉴스",2025-10-18T02:22:00+00:00,"Investing.com - 월마트 의 최근 발표된 OpenAI와의 파트너십이 이 소매업체를 시가총액 1조 달러로 끌어올리는 촉매제가 될 수 있다고 Mizuho Securities의 분석가들이 밝혔습니다. David Bellinger 분석가는 ChatGPT의 ""즉시 결제"" 기능 통합이 ""에이전트 커머스의 채택과 더 넓은 가속화에 있어 중요한 진전""이라고 ...","OpenAI 딜이 어떻게 월마트를 시가총액 1조 달러 기업으로 만들 수 있는지 Investing.com - 월마트 의 최근 발표된 OpenAI와의 파트너십이 이 소매업체를 시가총액 1조 달러로 끌어올리는 촉매제가 될 수 있다고 Mizuho Securities의 분석가들이 밝혔습니다. David Bellinger 분석가는 ChatGPT의 ""즉시 결제"" 기능 통합이 ""에이전트 커머스의 채택과 더 넓은 가속화에 있어 중요한 진전""이라고 ...",0.0,0.0,1.0,0.0,neutral
California Regulates A.I. Companions + OpenAI Investigates Its Critics + The Hard Fork Review of Slop - The New York Times,https://news.google.com/rss/articles/CBMi3AFBVV95cUxNdG9IbktBQkYtOHRROV82SlF0V1h1NldVbmhzTndTNHFIZFNuSFVTcGUxNEtHaldMQlQ2X2h1alBTeE9pUUZPNmhQeDJzVVZxVFd6cWQ1VTVHa1lxVUU4cHFfdC1hWFZmdWdFSmR1cWVSSHV5R3RFY2NITnJEakRVaXRxeGtJcGJKMG5YSnJQbXF1OExYdUNIRXk0VHgwUXFLVHZ0aFNUaVNpS3doaTVzWlQyeDlJRHVQcFpwdzFzV21pdm9LQy1kVVo4b0JxYmV4UmRTem95WDNTUGh2?oc=5,"""""OpenAI"" review"" - Google News",2025-10-17T11:00:06+00:00,"<a href=""https://news.google.com/rss/articles/CBMi3AFBVV95cUxNdG9IbktBQkYtOHRROV82SlF0V1h1NldVbmhzTndTNHFIZFNuSFVTcGUxNEtHaldMQlQ2X2h1alBTeE9pUUZPNmhQeDJzVVZxVFd6cWQ1VTVHa1lxVUU4cHFfdC1hWFZmdWdFSmR1cWVSSHV5R3RFY2NITnJEakRVaXRxeGtJcGJKMG5YSnJQbXF1OExYdUNIRXk0VHgwUXFLVHZ0aFNUaVNpS3doaTVzWlQyeDlJRHVQcFpwdzFzV21pdm9LQy1kVVo4b0JxYmV4UmRTem95WDNTUGh2?oc=5"" target=""_blank"">California Regulates A.I. Companions + OpenAI Investigates Its Critics + The Hard Fork Review of Slop</a>&nbsp;&nbsp;<font color=""#6f6f6f"">The New York Times</font>",California Regulates A.I. Companions + OpenAI Investigates Its Critics + The Hard Fork Review of Slop - The New York Times  California Regulates A.I. Companions + OpenAI Investigates Its Critics + The Hard Fork Review of Slop    The New York Times ,-0.6369,0.0,0.837,0.163,negative
"Bytes: Week in Review — Instagram to limit content for teens, Walmart lands OpenAI deal, and Apple rebrands streaming service - marketplace.org",https://news.google.com/rss/articles/CBMirwFBVV95cUxOUXBraldVcXpjS1dtX0RKVHBOOEZiVDl3TlBwX05MbUlTUURmbkJZcDVzT3diMWJQSElMVnZXc1RGTGNIc01VRW0yWHNoYUd3UVBLTkhsZnMxenNjekU5ODZia3RfZXNlcVdMb1g0dkIyOEFjcGQ5aERhNklham14bEt3dHg5Qk54VEJIV25CWUp2T0d0a3Jjb1RfSjM5elMxY3dLRDRtVkJaVHQ0dkNF?oc=5,"""""OpenAI"" review"" - Google News",2025-10-17T10:03:11+00:00,"<a href=""https://news.google.com/rss/articles/CBMirwFBVV95cUxOUXBraldVcXpjS1dtX0RKVHBOOEZiVDl3TlBwX05MbUlTUURmbkJZcDVzT3diMWJQSElMVnZXc1RGTGNIc01VRW0yWHNoYUd3UVBLTkhsZnMxenNjekU5ODZia3RfZXNlcVdMb1g0dkIyOEFjcGQ5aERhNklham14bEt3dHg5Qk54VEJIV25CWUp2T0d0a3Jjb1RfSjM5elMxY3dLRDRtVkJaVHQ0dkNF?oc=5"" target=""_blank"">Bytes: Week in Review — Instagram to limit content for teens, Walmart lands OpenAI deal, and Apple rebrands streaming service</a>&nbsp;&nbsp;<font color=""#6f6f6f"">marketplace.org</font>","Bytes: Week in Review — Instagram to limit content for teens, Walmart lands OpenAI deal, and Apple rebrands streaming service - marketplace.org  Bytes: Week in Review — Instagram to limit content for teens, Walmart lands OpenAI deal, and Apple rebrands streaming service    marketplace.org ",0.0,0.0,1.0,0.0,neutral
"뱅크오브아메리카, AMD 목표가 50달러 상향…OpenAI 협력",http://www.bing.com/news/apiclick.aspx?ref=FexRss&aid=&tid=68f37aab107b45f3aa53ba7fcb1caf7f&url=https%3a%2f%2fkr.investing.com%2fnews%2fstock-market-news%2farticle-1674574&c=18242595898714930346&mkt=ko-kr,"""OpenAI"" - Bing뉴스",2025-10-17T07:52:00+00:00,"Investing.com — 뱅크오브아메리카는 얼라인테크놀로지의 목표 주가를 250달러에서 300달러로 상향 조정하고, OpenAI와의 협력에 따른 인공지능 (AI) 수요 증가 전망을 반영하여 매수 의견을 유지했습니다.","뱅크오브아메리카, AMD 목표가 50달러 상향…OpenAI 협력 Investing.com — 뱅크오브아메리카는 얼라인테크놀로지의 목표 주가를 250달러에서 300달러로 상향 조정하고, OpenAI와의 협력에 따른 인공지능 (AI) 수요 증가 전망을 반영하여 매수 의견을 유지했습니다.",0.0,0.0,1.0,0.0,neutral
"2025 Market Review: Fed Rate Cut, AI Boom, AMD & OpenAI Deal, Stock Highs - News and Statistics - IndexBox",https://news.google.com/rss/articles/CBMioAFBVV95cUxNVEU4UVVIODcwLVhCRjBIVU03RTczUHRXcEJCYlBPSFdvSm1EWWhmZkM1RUhRT05jUzN6YzhFVFV3b2RBUldtVlQtd0JQd0NFTmI5T0lJV0J2TGg3a3ZoV1hsZXVVeW1ydnBYcG0yV1BIVk5tT25iV19RTXhLWDF6cUkxcThPZ0htaUU3clVkRjR1Wm1aUnh3SEtkYW5lMFJ1?oc=5,"""""OpenAI"" review"" - Google News",2025-10-16T14:38:43+00:00,"<a href=""https://news.google.com/rss/articles/CBMioAFBVV95cUxNVEU4UVVIODcwLVhCRjBIVU03RTczUHRXcEJCYlBPSFdvSm1EWWhmZkM1RUhRT05jUzN6YzhFVFV3b2RBUldtVlQtd0JQd0NFTmI5T0lJV0J2TGg3a3ZoV1hsZXVVeW1ydnBYcG0yV1BIVk5tT25iV19RTXhLWDF6cUkxcThPZ0htaUU3clVkRjR1Wm1aUnh3SEtkYW5lMFJ1?oc=5"" target=""_blank"">2025 Market Review: Fed Rate Cut, AI Boom, AMD & OpenAI Deal, Stock Highs - News and Statistics</a>&nbsp;&nbsp;<font color=""#6f6f6f"">IndexBox</font>","2025 Market Review: Fed Rate Cut, AI Boom, AMD & OpenAI Deal, Stock Highs - News and Statistics - IndexBox  2025 Market Review: Fed Rate Cut, AI Boom, AMD & OpenAI Deal, Stock Highs - News and Statistics    IndexBox ",-0.4939,0.0,0.898,0.102,negative
"증권가 “삼성전자·SK하이닉스, OpenAI 제휴로 반도체 밸류에이션 재평가 본격화”",http://www.bing.com/news/apiclick.aspx?ref=FexRss&aid=&tid=68f37aab107b45f3aa53ba7fcb1caf7f&url=https%3a%2f%2fwww.msn.com%2fko-kr%2fnews%2fother%2f%25EC%25A6%259D%25EA%25B6%258C%25EA%25B0%2580-%25EC%2582%25BC%25EC%2584%25B1%25EC%25A0%2584%25EC%259E%2590-sk%25ED%2595%2598%25EC%259D%25B4%25EB%258B%2589%25EC%258A%25A4-openai-%25EC%25A0%259C%25ED%259C%25B4%25EB%25A1%259C-%25EB%25B0%2598%25EB%258F%2584%25EC%25B2%25B4-%25EB%25B0%25B8%25EB%25A5%2598%25EC%2597%2590%25EC%259D%25B4%25EC%2585%2598-%25EC%259E%25AC%25ED%258F%2589%25EA%25B0%2580-%25EB%25B3%25B8%25EA%25B2%25A9%25ED%2599%2594%2far-AA1Ouu9A&c=6017820854238338674&mkt=ko-kr,"""OpenAI"" - Bing뉴스",2025-10-14T23:21:47+00:00,"●증권가 “AI 인프라 공급사 넘어 전략 파트너로 격상”삼성전자와 SK하이닉스가 세계적인 인공지능(AI) 선도 기업 OpenAI와 전략적 제휴를 맺은 것을 두고 증권가에선 “단순한 반도체 납품 계약을 넘어, 글로벌 AI 생태계 내 전략적 파트너로 격상됐다”고 평가하고 있다. 15일 증권가에 따르면 이번 OpenAI와의 제휴로 삼성전자와 SK하이닉스. 두 회 ...","증권가 “삼성전자·SK하이닉스, OpenAI 제휴로 반도체 밸류에이션 재평가 본격화” ●증권가 “AI 인프라 공급사 넘어 전략 파트너로 격상”삼성전자와 SK하이닉스가 세계적인 인공지능(AI) 선도 기업 OpenAI와 전략적 제휴를 맺은 것을 두고 증권가에선 “단순한 반도체 납품 계약을 넘어, 글로벌 AI 생태계 내 전략적 파트너로 격상됐다”고 평가하고 있다. 15일 증권가에 따르면 이번 OpenAI와의 제휴로 삼성전자와 SK하이닉스. 두 회 ...",0.0,0.0,1.0,0.0,neutral
"Walmart partners with OpenAI to let customers shop directly in ChatGPT, showing how AI is reshaping online retail - Notebookcheck",https://news.google.com/rss/articles/CBMi7gFBVV95cUxOZERSM3hJdVlGN2Y5Zi1DWlZxZXExR3NqMk9iZ0puOWRDNUtTQ0w3cmhrUFVMZGxDVDF6RDN6NFlzQzBDVmhfMkY2elZRc2tUbUMtbVZGTGJNME5vQjlnbHNQUTVNS19VMHZ0Qnl2TUJkOFM2b1UzdEozOE5venZXaWF2Ylk4OXdheF9ndEdzeTdUQlZsVW8xdHA1U2ZxdGRTcDVZaUJQcmZkblVQXzB0eGdUQ1hGNU1LTTFSeUFzeFhlaV9kN1c0dHI0bE03bmtHVnN3UGExZHNCa3ZVaEMyNWlnSWNmZ0ZOc3cyd3hR?oc=5,"""""OpenAI"" review"" - Google News",2025-10-14T17:24:00+00:00,"<a href=""https://news.google.com/rss/articles/CBMi7gFBVV95cUxOZERSM3hJdVlGN2Y5Zi1DWlZxZXExR3NqMk9iZ0puOWRDNUtTQ0w3cmhrUFVMZGxDVDF6RDN6NFlzQzBDVmhfMkY2elZRc2tUbUMtbVZGTGJNME5vQjlnbHNQUTVNS19VMHZ0Qnl2TUJkOFM2b1UzdEozOE5venZXaWF2Ylk4OXdheF9ndEdzeTdUQlZsVW8xdHA1U2ZxdGRTcDVZaUJQcmZkblVQXzB0eGdUQ1hGNU1LTTFSeUFzeFhlaV9kN1c0dHI0bE03bmtHVnN3UGExZHNCa3ZVaEMyNWlnSWNmZ0ZOc3cyd3hR?oc=5"" target=""_blank"">Walmart partners with OpenAI to let customers shop directly in ChatGPT, showing how AI is reshaping online retail</a>&nbsp;&nbsp;<font color=""#6f6f6f"">Notebookcheck</font>","Walmart partners with OpenAI to let customers shop directly in ChatGPT, showing how AI is reshaping online retail - Notebookcheck  Walmart partners with OpenAI to let customers shop directly in ChatGPT, showing how AI is reshaping online retail    Notebookcheck ",0.0,0.0,1.0,0.0,neutral
"Artue, an artificial intelligence (AI) art curation service introduced by OpenAI at an opening cerem..",http://www.bing.com/news/apiclick.aspx?ref=FexRss&aid=&tid=68f37aab107b45f3aa53ba7fcb1caf7f&url=https%3a%2f%2fwww.mk.co.kr%2fen%2fit%2f11441190&c=849570316784823535&mkt=ko-kr,"""OpenAI"" - Bing뉴스",2025-10-14T01:21:00+00:00,"Artue, an artificial intelligence (AI) art curation service introduced by OpenAI at an opening ceremony to announce its entry into Korea, is a hot topic. The art AI agent service, which is linked to C ...","Artue, an artificial intelligence (AI) art curation service introduced by OpenAI at an opening cerem.. Artue, an artificial intelligence (AI) art curation service introduced by OpenAI at an opening ceremony to announce its entry into Korea, is a hot topic. The art AI agent service, which is linked to C ...",0.7351,0.112,0.888,0.0,positive
"OpenAI, 브로드컴과 ‘칩 동맹’…AI 인프라 대확장 [WSJ]",http://www.bing.com/news/apiclick.aspx?ref=FexRss&aid=&tid=68f37aab107b45f3aa53ba7fcb1caf7f&url=https%3a%2f%2fwww.msn.com%2fko-kr%2fnews%2fother%2fopenai-%25EB%25B8%258C%25EB%25A1%259C%25EB%2593%259C%25EC%25BB%25B4%25EA%25B3%25BC-%25EC%25B9%25A9-%25EB%258F%2599%25EB%25A7%25B9-ai-%25EC%259D%25B8%25ED%2594%2584%25EB%259D%25BC-%25EB%258C%2580%25ED%2599%2595%25EC%259E%25A5-wsj%2far-AA1OpQKc&c=12840813352479703821&mkt=ko-kr,"""OpenAI"" - Bing뉴스",2025-10-13T21:54:18+00:00,"오픈AI가 브로드컴과 손잡고 맞춤형 AI 칩 개발에 본격 착수한다. 두 회사는 향후 4년 동안 총 10기가와트 (GW) 규모의 인공지능 컴퓨팅 인프라를 배포하는 초대형 계약을 체결했다. 업계에서는 이 계약 규모가 ""수십억 달러에 달한다""고 평가하고 있다.","OpenAI, 브로드컴과 ‘칩 동맹’…AI 인프라 대확장 [WSJ] 오픈AI가 브로드컴과 손잡고 맞춤형 AI 칩 개발에 본격 착수한다. 두 회사는 향후 4년 동안 총 10기가와트 (GW) 규모의 인공지능 컴퓨팅 인프라를 배포하는 초대형 계약을 체결했다. 업계에서는 이 계약 규모가 ""수십억 달러에 달한다""고 평가하고 있다.",0.0,0.0,1.0,0.0,neutral
"Broadcom shares soared nearly 10% in a day as OpenAI CEO Sam Altman, who is emerging as the ""hand of..",http://www.bing.com/news/apiclick.aspx?ref=FexRss&aid=&tid=68f37aab107b45f3aa53ba7fcb1caf7f&url=https%3a%2f%2fwww.mk.co.kr%2fen%2fstock%2f11440939&c=348271591824096409&mkt=ko-kr,"""OpenAI"" - Bing뉴스",2025-10-13T21:39:00+00:00,"Broadcom shares soared nearly 10% in a day as OpenAI CEO Sam Altman, who is emerging as the ""hand of Midas"" of the New York Stock Exchange, formalized his partnership with Broadcom, which was widely r ...","Broadcom shares soared nearly 10% in a day as OpenAI CEO Sam Altman, who is emerging as the ""hand of.. Broadcom shares soared nearly 10% in a day as OpenAI CEO Sam Altman, who is emerging as the ""hand of Midas"" of the New York Stock Exchange, formalized his partnership with Broadcom, which was widely r ...",0.8689,0.169,0.831,0.0,positive
Broadcom and OpenAI Sign 10GW AI Chip Supply Agreement,http://www.bing.com/news/apiclick.aspx?ref=FexRss&aid=&tid=68f37aab107b45f3aa53ba7fcb1caf7f&url=https%3a%2f%2fwww.asiae.co.kr%2fen%2farticle%2f2025101409115550407&c=8567749990429696468&mkt=ko-kr,"""OpenAI"" - Bing뉴스",2025-10-13T17:13:00+00:00,"OpenAI, the developer behind ChatGPT, announced on October 13 (local time) that it has signed a contract with semiconductor company Broadcom to supply ...","Broadcom and OpenAI Sign 10GW AI Chip Supply Agreement OpenAI, the developer behind ChatGPT, announced on October 13 (local time) that it has signed a contract with semiconductor company Broadcom to supply ...",0.4939,0.091,0.909,0.0,positive
"한국 첫 투자처로 포항 선택한 OpenAI, 뒤에 포스코 있었다",http://www.bing.com/news/apiclick.aspx?ref=FexRss&aid=&tid=68f37aab107b45f3aa53ba7fcb1caf7f&url=https%3a%2f%2fwww.msn.com%2fko-kr%2fnews%2fother%2f%25ED%2595%259C%25EA%25B5%25AD-%25EC%25B2%25AB-%25ED%2588%25AC%25EC%259E%2590%25EC%25B2%2598%25EB%25A1%259C-%25ED%258F%25AC%25ED%2595%25AD-%25EC%2584%25A0%25ED%2583%259D%25ED%2595%259C-openai-%25EB%2592%25A4%25EC%2597%2590-%25ED%258F%25AC%25EC%258A%25A4%25EC%25BD%2594-%25EC%259E%2588%25EC%2597%2588%25EB%258B%25A4%2far-AA1Ojbuq&c=3159922128497457171&mkt=ko-kr,"""OpenAI"" - Bing뉴스",2025-10-13T04:43:00+00:00,'ChatGPT'로 글로벌 인공지능 시장을 주도하고 있는 'OpenAI'가 한국 첫 투자처로 경북 포항시를 선택 (매일신문 10월 2일 등 보도)하는 과정에서 포항제철 설립자인 고 (故) 박태준 명예회장 일가가 큰 역할을 한 것으로 알려지면서 비상한 관심이 쏠리고 있다.,"한국 첫 투자처로 포항 선택한 OpenAI, 뒤에 포스코 있었다 'ChatGPT'로 글로벌 인공지능 시장을 주도하고 있는 'OpenAI'가 한국 첫 투자처로 경북 포항시를 선택 (매일신문 10월 2일 등 보도)하는 과정에서 포항제철 설립자인 고 (故) 박태준 명예회장 일가가 큰 역할을 한 것으로 알려지면서 비상한 관심이 쏠리고 있다.",0.0,0.0,1.0,0.0,neutral
AgentKit by OpenAI Review: Is This the End of N8N? - Unite.AI,https://news.google.com/rss/articles/CBMiW0FVX3lxTE5nZy00RFo4M1lFWDlZOWpoX2g5VVRiQVVHYkI5UGE1dlNwNFpVS1VtUmtkZ0pvWXRfMEQ5TWFNUFh2UURUb015bE03aFlHdWpuMW5IWktkdTE3UU0?oc=5,"""""OpenAI"" review"" - Google News",2025-10-11T13:01:42+00:00,"<a href=""https://news.google.com/rss/articles/CBMiW0FVX3lxTE5nZy00RFo4M1lFWDlZOWpoX2g5VVRiQVVHYkI5UGE1dlNwNFpVS1VtUmtkZ0pvWXRfMEQ5TWFNUFh2UURUb015bE03aFlHdWpuMW5IWktkdTE3UU0?oc=5"" target=""_blank"">AgentKit by OpenAI Review: Is This the End of N8N?</a>&nbsp;&nbsp;<font color=""#6f6f6f"">Unite.AI</font>",AgentKit by OpenAI Review: Is This the End of N8N? - Unite.AI  AgentKit by OpenAI Review: Is This the End of N8N?    Unite.AI ,0.0,0.0,1.0,0.0,neutral
"AI Insider's Week in Review: News From AMD, OpenAI, Perplexity, CoreWeave and IBM, Plus Latest in Research and Funding - AI Insider",https://news.google.com/rss/articles/CBMi5AFBVV95cUxQNXlpUVhxNWw5Mzh4eW9NX29nbzRubE4wNi1YVFAtcDVVckdhdUstQk1kbUVGcXB2QmhjWXNSM0g2TlctaFVtLXk5blpSN1o5aEo4Tjk1UXRBVUZlQXZrMnF0SzJ4Q1phZlNhNXBTNmpwcDlYMjdDSnViQzJWU0JVc0FyaC1iTTA1a1JabXRFLUdBbllQSEtfRkxmZ19fX0p1RXR5VUREazk3YjhxM0gtMEduYk9iR2RBQ2FPZ1pwd1hyTG56NEtJNWNFZllmajJkbzNNN053dUtDR2ZDZmh2X1VyelM?oc=5,"""""OpenAI"" review"" - Google News",2025-10-10T12:01:04+00:00,"<a href=""https://news.google.com/rss/articles/CBMi5AFBVV95cUxQNXlpUVhxNWw5Mzh4eW9NX29nbzRubE4wNi1YVFAtcDVVckdhdUstQk1kbUVGcXB2QmhjWXNSM0g2TlctaFVtLXk5blpSN1o5aEo4Tjk1UXRBVUZlQXZrMnF0SzJ4Q1phZlNhNXBTNmpwcDlYMjdDSnViQzJWU0JVc0FyaC1iTTA1a1JabXRFLUdBbllQSEtfRkxmZ19fX0p1RXR5VUREazk3YjhxM0gtMEduYk9iR2RBQ2FPZ1pwd1hyTG56NEtJNWNFZllmajJkbzNNN053dUtDR2ZDZmh2X1VyelM?oc=5"" target=""_blank"">AI Insider's Week in Review: News From AMD, OpenAI, Perplexity, CoreWeave and IBM, Plus Latest in Research and Funding</a>&nbsp;&nbsp;<font color=""#6f6f6f"">AI Insider</font>","AI Insider's Week in Review: News From AMD, OpenAI, Perplexity, CoreWeave and IBM, Plus Latest in Research and Funding - AI Insider  AI Insider's Week in Review: News From AMD, OpenAI, Perplexity, CoreWeave and IBM, Plus Latest in Research and Funding    AI Insider ",0.0,0.0,1.0,0.0,neutral
"Bytes: Week in Review - A key cybersecurity law expires, OpenAI's new deal with AMD and Google's home devices get an AI makeover - marketplace.org",https://news.google.com/rss/articles/CBMiqAFBVV95cUxNeDF4V0hnbkFtY1JxdXJOdjMzRlNvb05QZTlPR3gwSS1rLXhQUXhhVkZSR2p2T2RWUTdZMVdGUGtHR3JlcWdrVUFUWEQ1dlVTem0tcGZDeTBMMjRVZ1BNQWtPZmFFVEZlMzcwdmI4S0FXNHJ6c1NnMlFYUFVfSG9vR3RrRU50OGx3X3RTZWJhcmlXYURUSWhOR1I4enRoS1IydWlEc3Y1OVA?oc=5,"""""OpenAI"" review"" - Google News",2025-10-10T10:00:38+00:00,"<a href=""https://news.google.com/rss/articles/CBMiqAFBVV95cUxNeDF4V0hnbkFtY1JxdXJOdjMzRlNvb05QZTlPR3gwSS1rLXhQUXhhVkZSR2p2T2RWUTdZMVdGUGtHR3JlcWdrVUFUWEQ1dlVTem0tcGZDeTBMMjRVZ1BNQWtPZmFFVEZlMzcwdmI4S0FXNHJ6c1NnMlFYUFVfSG9vR3RrRU50OGx3X3RTZWJhcmlXYURUSWhOR1I4enRoS1IydWlEc3Y1OVA?oc=5"" target=""_blank"">Bytes: Week in Review - A key cybersecurity law expires, OpenAI's new deal with AMD and Google's home devices get an AI makeover</a>&nbsp;&nbsp;<font color=""#6f6f6f"">marketplace.org</font>","Bytes: Week in Review - A key cybersecurity law expires, OpenAI's new deal with AMD and Google's home devices get an AI makeover - marketplace.org  Bytes: Week in Review - A key cybersecurity law expires, OpenAI's new deal with AMD and Google's home devices get an AI makeover    marketplace.org ",0.0,0.0,1.0,0.0,neutral
"AMD와 OpenAI, 6기가와트 AMD GPU 구축 위한 전략적 파트너십 발표",http://www.bing.com/news/apiclick.aspx?ref=FexRss&aid=&tid=68f37aab107b45f3aa53ba7fcb1caf7f&url=https%3a%2f%2fwww.bodnara.co.kr%2fbbs%2farticle.html%3fnum%3d207707&c=7735104587122586795&mkt=ko-kr,"""OpenAI"" - Bing뉴스",2025-10-09T19:26:00+00:00,AMD가 OpenAI와의 차세대 AI 인프라 구동을 위한 계약을 체결했다. AMD는 지난 6일 (현지시간) 보도자료를 통해 OpenAI와 여러 세대의 AMD Instinct GPU를 통해 OpenAI의 차세대 AI 인프라를 구동하기 위한 6기가와트 (GW) 용량 계약을 체결했다고 밝혔다.,"AMD와 OpenAI, 6기가와트 AMD GPU 구축 위한 전략적 파트너십 발표 AMD가 OpenAI와의 차세대 AI 인프라 구동을 위한 계약을 체결했다. AMD는 지난 6일 (현지시간) 보도자료를 통해 OpenAI와 여러 세대의 AMD Instinct GPU를 통해 OpenAI의 차세대 AI 인프라를 구동하기 위한 6기가와트 (GW) 용량 계약을 체결했다고 밝혔다.",0.0,0.0,1.0,0.0,neutral
"[Tech/Biz Trend] OpenAI로 쏠리는 돈, 그 이면의 불편한 진실",http://www.bing.com/news/apiclick.aspx?ref=FexRss&aid=&tid=68f37aab107b45f3aa53ba7fcb1caf7f&url=https%3a%2f%2fwww.mobiinside.co.kr%2f2025%2f10%2f10%2fopenai-investment%2f&c=12338901218838507074&mkt=ko-kr,"""OpenAI"" - Bing뉴스",2025-10-09T19:17:00+00:00,"OpenAI는 신기한 기업입니다. 비영리기관으로 출범한 만큼, 투자자 입장에서 단순히 수익성만을 보고 선택하기엔 매력이 크지 않습니다. 2019년 일부 구조가 바뀌면서 수익을 배분할 수 있는 길이 열리긴 했지만, 여전히 투자 대비 수익은 제한적입니다.","[Tech/Biz Trend] OpenAI로 쏠리는 돈, 그 이면의 불편한 진실 OpenAI는 신기한 기업입니다. 비영리기관으로 출범한 만큼, 투자자 입장에서 단순히 수익성만을 보고 선택하기엔 매력이 크지 않습니다. 2019년 일부 구조가 바뀌면서 수익을 배분할 수 있는 길이 열리긴 했지만, 여전히 투자 대비 수익은 제한적입니다.",0.0,0.0,1.0,0.0,neutral
OpenAI Shows Off Contract Review Agent - Artificial Lawyer,https://news.google.com/rss/articles/CBMiiwFBVV95cUxQRmxVSmI1V21iQUs2R19vdDIzWW13LUowY0dfQklDMWE2SWFSSW5KaS1sc3EzWS01aVo3RVhYT0RpTXBQVURTSnVSY0RPVGdFY1hHYVUya3hUc2N1VzZyZDV3UUIyaDVhR213Y3E2R3NjS25SZXdaTDlSWGNVQnc5a1FucnlCQTQtNlg4?oc=5,"""""OpenAI"" review"" - Google News",2025-10-06T07:00:00+00:00,"<a href=""https://news.google.com/rss/articles/CBMiiwFBVV95cUxQRmxVSmI1V21iQUs2R19vdDIzWW13LUowY0dfQklDMWE2SWFSSW5KaS1sc3EzWS01aVo3RVhYT0RpTXBQVURTSnVSY0RPVGdFY1hHYVUya3hUc2N1VzZyZDV3UUIyaDVhR213Y3E2R3NjS25SZXdaTDlSWGNVQnc5a1FucnlCQTQtNlg4?oc=5"" target=""_blank"">OpenAI Shows Off Contract Review Agent</a>&nbsp;&nbsp;<font color=""#6f6f6f"">Artificial Lawyer</font>",OpenAI Shows Off Contract Review Agent - Artificial Lawyer  OpenAI Shows Off Contract Review Agent    Artificial Lawyer ,0.0,0.0,1.0,0.0,neutral
Hohem iSteady V3 Ultra Review | Portable Editing Set-up | OpenAI Sora 2 – Focus Check Episode 84 - CineD,https://news.google.com/rss/articles/CBMiswFBVV95cUxQUjk4bkFDU1M1bC1vOUhnbVJzMktEVER3RmxyWFpCLW9HeWsydUpSTllLSnlPTXB6c1ctUDhhZnF4c24zZnJiZXlUcDZPT21sLXZvUjMzR2RiRzh0ajNURm1yMTR1Q3QzcXYtRGowcGpSMkhjcDRrQmhVSndMS25kRVJ4RzlTbmZ3eXVTbHlRMDVjRnE5R2FDLXR3eFhhTm9Edl9veGVhR1ViMVgzQUdfcWhrbw?oc=5,"""""OpenAI"" review"" - Google News",2025-10-03T01:52:51+00:00,"<a href=""https://news.google.com/rss/articles/CBMiswFBVV95cUxQUjk4bkFDU1M1bC1vOUhnbVJzMktEVER3RmxyWFpCLW9HeWsydUpSTllLSnlPTXB6c1ctUDhhZnF4c24zZnJiZXlUcDZPT21sLXZvUjMzR2RiRzh0ajNURm1yMTR1Q3QzcXYtRGowcGpSMkhjcDRrQmhVSndMS25kRVJ4RzlTbmZ3eXVTbHlRMDVjRnE5R2FDLXR3eFhhTm9Edl9veGVhR1ViMVgzQUdfcWhrbw?oc=5"" target=""_blank"">Hohem iSteady V3 Ultra Review | Portable Editing Set-up | OpenAI Sora 2 – Focus Check Episode 84</a>&nbsp;&nbsp;<font color=""#6f6f6f"">CineD</font>",Hohem iSteady V3 Ultra Review | Portable Editing Set-up | OpenAI Sora 2 – Focus Check Episode 84 - CineD  Hohem iSteady V3 Ultra Review | Portable Editing Set-up | OpenAI Sora 2 – Focus Check Episode 84    CineD ,0.0,0.0,1.0,0.0,neutral
Review of the Week: OpenAI turns to traditional media for brand building - Campaign,https://news.google.com/rss/articles/CBMipwFBVV95cUxPb1N2bXBkTFNMT1RkRDRUTXNaa3hudWtGVmxqM2w1Y2w1Ykc2T3JVQ0FDYkFNaEI4SXd3Rmhod1IxSW51UTVxYVQ3YkxINnJIQ0NOeVlNaXhfWGl4QlVaUm13Umx1VXZabklrVExRbGwtM0VrV3BLSk1TTFEyV2kyX2FtT3Zwd1FDYzJvNkpkUFVFbWxPT0VZMEFvNFluUzkzMzQzZm5Wdw?oc=5,"""""OpenAI"" review"" - Google News",2025-10-02T07:00:00+00:00,"<a href=""https://news.google.com/rss/articles/CBMipwFBVV95cUxPb1N2bXBkTFNMT1RkRDRUTXNaa3hudWtGVmxqM2w1Y2w1Ykc2T3JVQ0FDYkFNaEI4SXd3Rmhod1IxSW51UTVxYVQ3YkxINnJIQ0NOeVlNaXhfWGl4QlVaUm13Umx1VXZabklrVExRbGwtM0VrV3BLSk1TTFEyV2kyX2FtT3Zwd1FDYzJvNkpkUFVFbWxPT0VZMEFvNFluUzkzMzQzZm5Wdw?oc=5"" target=""_blank"">Review of the Week: OpenAI turns to traditional media for brand building</a>&nbsp;&nbsp;<font color=""#6f6f6f"">Campaign</font>",Review of the Week: OpenAI turns to traditional media for brand building - Campaign  Review of the Week: OpenAI turns to traditional media for brand building    Campaign ,0.0,0.0,1.0,0.0,neutral
OpenAI is huge in India. Its models are steeped in caste bias. - MIT Technology Review,https://news.google.com/rss/articles/CBMiggFBVV95cUxOb04yeVhKaFllcVh0RGR0TjMyOWlnTVVqRHZIaFdJeGZxMmhTZGlQLU5aNlZhZDMtdGxlMlJGNmtzUVFhNk16QVhST2VieUtqV3F4TXlNRnRWVXktdi1fekhkU052ZU8tM1dqcFNDZEZ4amJoa1BZc3BVMjJZMXQ3cDdR0gGHAUFVX3lxTFAydno3U1Y4NUc3UFBfV3lrR3EtdDVmTk1MakJTNjg2cTBLLTlBc3YzSmhqbzdCejVaeXNZTHhFelhWN0YyWDNnRU1ZSVRxbkpwU1ZCNDB4SkI0ZFFsb3FJOTd5a0xKcVNEd3RCMGNRYzFzdHdyOS1DbFVKM1RGWlJHR1R5UVFVUQ?oc=5,"""""OpenAI"" review"" - Google News",2025-10-01T07:00:00+00:00,"<a href=""https://news.google.com/rss/articles/CBMiggFBVV95cUxOb04yeVhKaFllcVh0RGR0TjMyOWlnTVVqRHZIaFdJeGZxMmhTZGlQLU5aNlZhZDMtdGxlMlJGNmtzUVFhNk16QVhST2VieUtqV3F4TXlNRnRWVXktdi1fekhkU052ZU8tM1dqcFNDZEZ4amJoa1BZc3BVMjJZMXQ3cDdR0gGHAUFVX3lxTFAydno3U1Y4NUc3UFBfV3lrR3EtdDVmTk1MakJTNjg2cTBLLTlBc3YzSmhqbzdCejVaeXNZTHhFelhWN0YyWDNnRU1ZSVRxbkpwU1ZCNDB4SkI0ZFFsb3FJOTd5a0xKcVNEd3RCMGNRYzFzdHdyOS1DbFVKM1RGWlJHR1R5UVFVUQ?oc=5"" target=""_blank"">OpenAI is huge in India. Its models are steeped in caste bias.</a>&nbsp;&nbsp;<font color=""#6f6f6f"">MIT Technology Review</font>",OpenAI is huge in India. Its models are steeped in caste bias. - MIT Technology Review  OpenAI is huge in India. Its models are steeped in caste bias.    MIT Technology Review ,0.4215,0.134,0.785,0.081,positive
"The Download: OpenAI’s caste bias problem, and how AI videos are made - MIT Technology Review",https://news.google.com/rss/articles/CBMiuwFBVV95cUxNNl8yRWxJM29CZHVKamVaMXZKVm9PUnE5Mkd4X0pUSVVKVFZzME93ZkhuWkc0THdaMzNqNUx4b01fUU94SXFkNE53T3MzdGlaRDdrNm5qd2lFTExPR3FEZ3BZYWZhWGdfSWJjRy1VUWt4QVZhanRQUXJRYUhzNG9FV3hlTlFJV1ltM3Y2SE02d09FVlluc2RjOVRGT3VwdU9zX2RMNUt4U2wzdGVHVnZyN1R1bnFoMjM4VlNF0gHAAUFVX3lxTE9JZk5jT1BNVHQ2a3ljN2lyRF9QMlg3Z1RralB0akM3WGhVU3VRTV9Wa012Z25qLTRUckUxUGkwNEp2cVFyNE5IRF9HczFJMWV6QzN6c3Y0bXhVWTdMSV9KS083ZE95eHoxZ3NYN3BpVlJYaEdwTnlhNEJObXFWaUhYRUdmZ1oyc0xLZjJyVnlPMVM3V2VIRFdDbmNrVHZGX1dDbkg5MlBxRlM5cmc5cFVRZ1JZRGd3M3dCZF9oXzZtSw?oc=5,"""""OpenAI"" review"" - Google News",2025-10-01T07:00:00+00:00,"<a href=""https://news.google.com/rss/articles/CBMiuwFBVV95cUxNNl8yRWxJM29CZHVKamVaMXZKVm9PUnE5Mkd4X0pUSVVKVFZzME93ZkhuWkc0THdaMzNqNUx4b01fUU94SXFkNE53T3MzdGlaRDdrNm5qd2lFTExPR3FEZ3BZYWZhWGdfSWJjRy1VUWt4QVZhanRQUXJRYUhzNG9FV3hlTlFJV1ltM3Y2SE02d09FVlluc2RjOVRGT3VwdU9zX2RMNUt4U2wzdGVHVnZyN1R1bnFoMjM4VlNF0gHAAUFVX3lxTE9JZk5jT1BNVHQ2a3ljN2lyRF9QMlg3Z1RralB0akM3WGhVU3VRTV9Wa012Z25qLTRUckUxUGkwNEp2cVFyNE5IRF9HczFJMWV6QzN6c3Y0bXhVWTdMSV9KS083ZE95eHoxZ3NYN3BpVlJYaEdwTnlhNEJObXFWaUhYRUdmZ1oyc0xLZjJyVnlPMVM3V2VIRFdDbmNrVHZGX1dDbkg5MlBxRlM5cmc5cFVRZ1JZRGd3M3dCZF9oXzZtSw?oc=5"" target=""_blank"">The Download: OpenAI’s caste bias problem, and how AI videos are made</a>&nbsp;&nbsp;<font color=""#6f6f6f"">MIT Technology Review</font>","The Download: OpenAI’s caste bias problem, and how AI videos are made - MIT Technology Review  The Download: OpenAI’s caste bias problem, and how AI videos are made    MIT Technology Review ",-0.7351,0.0,0.767,0.233,negative
"OpenAI’s Sora 2 Brings Realistic Physics, Audio, and Continuity to AI Videos, Launches App - CineD",https://news.google.com/rss/articles/CBMirgFBVV95cUxNUUZBNFVtN21GWnpoZmZrTUxRRHRsd19Ed2xYb0ZpeTNkSzBhQ2lpNlhwQ3piR1c1UHR1ek9JOTVOTWN0MFhVZmwzSHdoOUdjN2NRLUVfc0RRWGJ6RFZvdDR4YkVUa3hqbnlZY09kT3gyUGRRYzJ5NW1LZWlGcElfVjVNQ1JsaXVoUTktN243NDh0ekx0SWNIanl1cFpsSWc0UkZnQ2dNckZMTWp0dnc?oc=5,"""""OpenAI"" review"" - Google News",2025-10-01T07:00:00+00:00,"<a href=""https://news.google.com/rss/articles/CBMirgFBVV95cUxNUUZBNFVtN21GWnpoZmZrTUxRRHRsd19Ed2xYb0ZpeTNkSzBhQ2lpNlhwQ3piR1c1UHR1ek9JOTVOTWN0MFhVZmwzSHdoOUdjN2NRLUVfc0RRWGJ6RFZvdDR4YkVUa3hqbnlZY09kT3gyUGRRYzJ5NW1LZWlGcElfVjVNQ1JsaXVoUTktN243NDh0ekx0SWNIanl1cFpsSWc0UkZnQ2dNckZMTWp0dnc?oc=5"" target=""_blank"">OpenAI’s Sora 2 Brings Realistic Physics, Audio, and Continuity to AI Videos, Launches App</a>&nbsp;&nbsp;<font color=""#6f6f6f"">CineD</font>","OpenAI’s Sora 2 Brings Realistic Physics, Audio, and Continuity to AI Videos, Launches App - CineD  OpenAI’s Sora 2 Brings Realistic Physics, Audio, and Continuity to AI Videos, Launches App    CineD ",0.0,0.0,1.0,0.0,neutral
Samsung SDS Joins OpenAI’s ‘Stargate’ Project as DBO Operator,http://www.bing.com/news/apiclick.aspx?ref=FexRss&aid=&tid=68f37aab107b45f3aa53ba7fcb1caf7f&url=https%3a%2f%2fwww.businesskorea.co.kr%2fnews%2farticleView.html%3fidxno%3d253617&c=3948207313799589609&mkt=ko-kr,"""OpenAI"" - Bing뉴스",2025-10-01T04:37:00+00:00,"Samsung SDS is participating as a design, build, and operate (DBO) operator in OpenAI’s global AI data center construction project, ...","Samsung SDS Joins OpenAI’s ‘Stargate’ Project as DBO Operator Samsung SDS is participating as a design, build, and operate (DBO) operator in OpenAI’s global AI data center construction project, ...",0.0,0.0,1.0,0.0,neutral
삼성-OpenAI 반도체·데이터센터·클라우드 전방위 혁신 협업,http://www.bing.com/news/apiclick.aspx?ref=FexRss&aid=&tid=68f37aab107b45f3aa53ba7fcb1caf7f&url=https%3a%2f%2fwww.news2day.co.kr%2farticle%2f20251001500305&c=11652884043490485924&mkt=ko-kr,"""OpenAI"" - Bing뉴스",2025-09-30T13:10:00+00:00,"[뉴스투데이=전소영 기자] 삼성과 OpenAI가 1일 삼성전자 서초사옥에서 글로벌 AI 핵심 인프라 구축을 위해 상호 협력하는 LOI(Letter of Intent, 의향서) 체결식을 거행했다. Open AI와 LOI를 맺은 삼성 관계사는 삼성전자, 삼성SDS, 삼성물 ...","삼성-OpenAI 반도체·데이터센터·클라우드 전방위 혁신 협업 [뉴스투데이=전소영 기자] 삼성과 OpenAI가 1일 삼성전자 서초사옥에서 글로벌 AI 핵심 인프라 구축을 위해 상호 협력하는 LOI(Letter of Intent, 의향서) 체결식을 거행했다. Open AI와 LOI를 맺은 삼성 관계사는 삼성전자, 삼성SDS, 삼성물 ...",0.0,0.0,1.0,0.0,neutral
OpenAI launches Sora 2: AI videos get real physics and user cameos - Notebookcheck,https://news.google.com/rss/articles/CBMirwFBVV95cUxON2FhakUwdlZEdy1jMHV0Q2x1U3NMVW1Yc2Z3b2Fxd0pVN01OVzhPQ3ROb2M5cWRZcWxCNG1NcUJDTnZVRTI0dV9QNkpGMEZDa090bHozM21UQXVUSGY1YUdvSzktOTJMSUtLb0tMVGpoX2M5UUpwZGxqVmtCV0RfLU04bjgwMVFaamZrVmtpcDdnMEZBYnZFQUpKZy02cGNjNkpNU1o5TVV4ZHRmZFl3?oc=5,"""""OpenAI"" review"" - Google News",2025-09-30T07:00:00+00:00,"<a href=""https://news.google.com/rss/articles/CBMirwFBVV95cUxON2FhakUwdlZEdy1jMHV0Q2x1U3NMVW1Yc2Z3b2Fxd0pVN01OVzhPQ3ROb2M5cWRZcWxCNG1NcUJDTnZVRTI0dV9QNkpGMEZDa090bHozM21UQXVUSGY1YUdvSzktOTJMSUtLb0tMVGpoX2M5UUpwZGxqVmtCV0RfLU04bjgwMVFaamZrVmtpcDdnMEZBYnZFQUpKZy02cGNjNkpNU1o5TVV4ZHRmZFl3?oc=5"" target=""_blank"">OpenAI launches Sora 2: AI videos get real physics and user cameos</a>&nbsp;&nbsp;<font color=""#6f6f6f"">Notebookcheck</font>",OpenAI launches Sora 2: AI videos get real physics and user cameos - Notebookcheck  OpenAI launches Sora 2: AI videos get real physics and user cameos    Notebookcheck ,0.0,0.0,1.0,0.0,neutral
Building OpenAI with OpenAI - OpenAI,https://news.google.com/rss/articles/CBMiY0FVX3lxTE4tN3UteTgzeXJ1eHZmTS1tTTVIMVFxRHJWMnExTWp6RENHS0ZhdWptZUF6ckE1cXB6aEQtQXZYNm9sQWQ0bE9JdjNfeU9rYnBmT0taVlhHRTdTZ3I3cHFmN2lYMA?oc=5,"""""OpenAI"" review"" - Google News",2025-09-29T07:00:00+00:00,"<a href=""https://news.google.com/rss/articles/CBMiY0FVX3lxTE4tN3UteTgzeXJ1eHZmTS1tTTVIMVFxRHJWMnExTWp6RENHS0ZhdWptZUF6ckE1cXB6aEQtQXZYNm9sQWQ0bE9JdjNfeU9rYnBmT0taVlhHRTdTZ3I3cHFmN2lYMA?oc=5"" target=""_blank"">Building OpenAI with OpenAI</a>&nbsp;&nbsp;<font color=""#6f6f6f"">OpenAI</font>",Building OpenAI with OpenAI - OpenAI  Building OpenAI with OpenAI    OpenAI ,0.0,0.0,1.0,0.0,neutral
OpenAI leans into ‘human craft’ for debut ChatGPT brand campaign - Creative Review,https://news.google.com/rss/articles/CBMiiAFBVV95cUxNdFhRdU1pdjdJOFhFbHBCbllCMVgzOVl5b2VoWTFnU1lwODZkNmxwM0JXQmNhNlBzRHg0YzZDUXVFQ3lNRjhadVdwTGVVLVNRM3VTS29CTm5ycnVjV3VTY2FtU2dKcE5GZ2dYOEl1elFsOEZKN1hUcEVBdGdDV0Z4ZVFrOGVEbmMz?oc=5,"""""OpenAI"" review"" - Google News",2025-09-29T07:00:00+00:00,"<a href=""https://news.google.com/rss/articles/CBMiiAFBVV95cUxNdFhRdU1pdjdJOFhFbHBCbllCMVgzOVl5b2VoWTFnU1lwODZkNmxwM0JXQmNhNlBzRHg0YzZDUXVFQ3lNRjhadVdwTGVVLVNRM3VTS29CTm5ycnVjV3VTY2FtU2dKcE5GZ2dYOEl1elFsOEZKN1hUcEVBdGdDV0Z4ZVFrOGVEbmMz?oc=5"" target=""_blank"">OpenAI leans into ‘human craft’ for debut ChatGPT brand campaign</a>&nbsp;&nbsp;<font color=""#6f6f6f"">Creative Review</font>",OpenAI leans into ‘human craft’ for debut ChatGPT brand campaign - Creative Review  OpenAI leans into ‘human craft’ for debut ChatGPT brand campaign    Creative Review ,0.7003,0.201,0.799,0.0,positive
"Week in review: Stocks stumble, Nvidia bankrolls OpenAI, and iPhone sales surprise - CNBC",https://news.google.com/rss/articles/CBMiowFBVV95cUxOZHV0MXZOeFB3NEplUXBKVWprNFVCWGo0LThDaHo5TjM3dlRTVkxhYTZEdXYyd1BuQ3dhSF9QWllCSEFuWU4yYmZ6c2d5VW5ubUMxRkg3YXRlRGh0dVdTV2NMdUVZckdRMVMwSTdVZFB0ZGxEVjFLR2EwMEZydkIzaUgtOGtFV25idWlZR2JfTnRsS0M1WjF1enhBWWpYejFMTThR?oc=5,"""""OpenAI"" review"" - Google News",2025-09-27T07:00:00+00:00,"<a href=""https://news.google.com/rss/articles/CBMiowFBVV95cUxOZHV0MXZOeFB3NEplUXBKVWprNFVCWGo0LThDaHo5TjM3dlRTVkxhYTZEdXYyd1BuQ3dhSF9QWllCSEFuWU4yYmZ6c2d5VW5ubUMxRkg3YXRlRGh0dVdTV2NMdUVZckdRMVMwSTdVZFB0ZGxEVjFLR2EwMEZydkIzaUgtOGtFV25idWlZR2JfTnRsS0M1WjF1enhBWWpYejFMTThR?oc=5"" target=""_blank"">Week in review: Stocks stumble, Nvidia bankrolls OpenAI, and iPhone sales surprise</a>&nbsp;&nbsp;<font color=""#6f6f6f"">CNBC</font>","Week in review: Stocks stumble, Nvidia bankrolls OpenAI, and iPhone sales surprise - CNBC  Week in review: Stocks stumble, Nvidia bankrolls OpenAI, and iPhone sales surprise    CNBC ",0.4939,0.144,0.856,0.0,positive
"Stock Market Retreats From Record Highs Despite Nvidia-OpenAI Deal, Micron Earnings: Weekly Review - Investor's Business Daily",https://news.google.com/rss/articles/CBMinAFBVV95cUxPeWtpdkREU3ZkUlhoZFFYRmw4bjdBWTNpXzlTXzBSajkxZmcwYi1jYWlPWFNUejdIbW80cEdQcXZGM1BLVl9vOWNjcFVEY0NqX1gtOUpxLXJ6NU1wenlod1VDbkZtSFQ1cmRfNGlvMmR6Z2dHT1BldTRWak55T2ZoX3ZyN19wMWlvb0JvZUsxMjRTSVBjd1FLZ3ZRS2Q?oc=5,"""""OpenAI"" review"" - Google News",2025-09-26T07:00:00+00:00,"<a href=""https://news.google.com/rss/articles/CBMinAFBVV95cUxPeWtpdkREU3ZkUlhoZFFYRmw4bjdBWTNpXzlTXzBSajkxZmcwYi1jYWlPWFNUejdIbW80cEdQcXZGM1BLVl9vOWNjcFVEY0NqX1gtOUpxLXJ6NU1wenlod1VDbkZtSFQ1cmRfNGlvMmR6Z2dHT1BldTRWak55T2ZoX3ZyN19wMWlvb0JvZUsxMjRTSVBjd1FLZ3ZRS2Q?oc=5"" target=""_blank"">Stock Market Retreats From Record Highs Despite Nvidia-OpenAI Deal, Micron Earnings: Weekly Review</a>&nbsp;&nbsp;<font color=""#6f6f6f"">Investor's Business Daily</font>","Stock Market Retreats From Record Highs Despite Nvidia-OpenAI Deal, Micron Earnings: Weekly Review - Investor's Business Daily  Stock Market Retreats From Record Highs Despite Nvidia-OpenAI Deal, Micron Earnings: Weekly Review    Investor's Business Daily ",0.0,0.0,1.0,0.0,neutral
OpenAI Announces Plans for Five More ‘Stargate’ Data Centers in the US - Gizmodo,https://news.google.com/rss/articles/CBMioAFBVV95cUxOYVVFbUJXZUhheDUyR09tRWFuZkZuX0wycmxhZTB2MXBGTUQwM3lVUmpoSVlObDhUVW1rbVd2TWpTSllpUnIyWTdKWk4wYl94cFBkdXF1ZUZKSnJFblVDUlpWdEdpOHhpS3pLMGRRb3hIa3VHQlhONnNoVzJNR0FMNFczMVZYdnRpUnpST3BGbG5jM3kwUXZSQ3A1dmctck9V?oc=5,"""""OpenAI"" review"" - Google News",2025-09-24T07:00:00+00:00,"<a href=""https://news.google.com/rss/articles/CBMioAFBVV95cUxOYVVFbUJXZUhheDUyR09tRWFuZkZuX0wycmxhZTB2MXBGTUQwM3lVUmpoSVlObDhUVW1rbVd2TWpTSllpUnIyWTdKWk4wYl94cFBkdXF1ZUZKSnJFblVDUlpWdEdpOHhpS3pLMGRRb3hIa3VHQlhONnNoVzJNR0FMNFczMVZYdnRpUnpST3BGbG5jM3kwUXZSQ3A1dmctck9V?oc=5"" target=""_blank"">OpenAI Announces Plans for Five More ‘Stargate’ Data Centers in the US</a>&nbsp;&nbsp;<font color=""#6f6f6f"">Gizmodo</font>",OpenAI Announces Plans for Five More ‘Stargate’ Data Centers in the US - Gizmodo  OpenAI Announces Plans for Five More ‘Stargate’ Data Centers in the US    Gizmodo ,0.0,0.0,1.0,0.0,neutral
Nvidia to invest $150b in OpenAI for data centres - AFR,https://news.google.com/rss/articles/CBMimwFBVV95cUxPWDZTaW8wWDA2WjRScG9ZOWJweUI2bTJFSnUwVUhvdUEzYlpqQUF2eXFFRnBwbjdTQ3QtZXlrbkNtUWJldmpYTHFKMGNBSmJIZy01WUIzd1VHc0xLX1NQeUtmZERvbGRZRGtyOVhETDc0d2Y2eVQ1ZnJLM0dWbk1qVHdlcXpXLXV2Q1B2czdVejRfdzN0V05wMHpFcw?oc=5,"""""OpenAI"" review"" - Google News",2025-09-23T07:00:00+00:00,"<a href=""https://news.google.com/rss/articles/CBMimwFBVV95cUxPWDZTaW8wWDA2WjRScG9ZOWJweUI2bTJFSnUwVUhvdUEzYlpqQUF2eXFFRnBwbjdTQ3QtZXlrbkNtUWJldmpYTHFKMGNBSmJIZy01WUIzd1VHc0xLX1NQeUtmZERvbGRZRGtyOVhETDc0d2Y2eVQ1ZnJLM0dWbk1qVHdlcXpXLXV2Q1B2czdVejRfdzN0V05wMHpFcw?oc=5"" target=""_blank"">Nvidia to invest $150b in OpenAI for data centres</a>&nbsp;&nbsp;<font color=""#6f6f6f"">AFR</font>",Nvidia to invest $150b in OpenAI for data centres - AFR  Nvidia to invest $150b in OpenAI for data centres    AFR ,0.0,0.0,1.0,0.0,neutral
